{"MSE": 2.453983836538874, "_timestamp": 1686098783.5901027, "_runtime": 20.391233682632446, "_step": 0, "_wandb": {"runtime": 20}}