{"MSE": 2.450704999375902, "_timestamp": 1686100270.0221183, "_runtime": 12.719217300415039, "_step": 0, "_wandb": {"runtime": 12}}