{"MSE": 2.4866149674801457, "_timestamp": 1686100241.85383, "_runtime": 6.990767002105713, "_step": 0, "_wandb": {"runtime": 6}}