{"MSE": 2.4501584427799754, "_timestamp": 1686100213.157353, "_runtime": 14.873164892196655, "_step": 0, "_wandb": {"runtime": 14}}