{"MSE": 2.45016430890561, "_timestamp": 1686100184.9564972, "_runtime": 13.561923265457153, "_step": 0, "_wandb": {"runtime": 10}}