{"MSE": 2.451135028799512, "_timestamp": 1686100300.2630656, "_runtime": 17.186201572418213, "_step": 0, "_wandb": {"runtime": 16}}